policy,kind,calibration_method,selection,risk_target,threshold,questions,risk_evaluation_scope,false_stop_rate,hard_partial_false_stop_rate,unnecessary_escalation_rate,macro_f1,stop_precision,stop_recall,auroc,stop_rate,early_stop_rate,average_final_stage,final_insufficient_evidence_rate,answer_em,answer_f1,supporting_fact_recall,complete_evidence_coverage,model_visible_supporting_fact_recall,model_visible_complete_evidence_coverage,average_retrieved_chunks,average_unique_titles,average_reranker_calls,average_controller_calls,average_llm_input_tokens,average_llm_output_tokens,average_llm_total_tokens,generation_latency_mean_ms,generation_latency_median_ms,generation_latency_p95_ms,retrieval_latency_mean_ms,retrieval_latency_median_ms,retrieval_latency_p95_ms,controller_latency_mean_ms,controller_latency_median_ms,controller_latency_p95_ms,total_latency_mean_ms,total_latency_median_ms,total_latency_p95_ms,estimated_total_latency_mean_ms,estimated_total_latency_median_ms,estimated_total_latency_p95_ms,retrieval_latency_source,controller_latency_source,generation_latency_source,deployable,pareto_optimal_chunks_answer_f1
fixed_dense,fixed,,,,,1000,reached_actionable_controller_decisions,1.0,1.0,0.0,0.4444444444444444,0.8,1.0,,1.0,1.0,1.0,0.2,0.371,0.46591004060267216,0.8959,0.8,0.8959,0.8,5.0,4.981,0.0,0.0,725.508,3.39,728.898,207.2592176538892,176.9556028302759,364.49845279566904,26.529376332182437,25.81020467914641,32.592734321951866,0.0,0.0,0.0,233.78859398607165,203.39093310758471,390.1806049980219,212.6908645706815,182.36970991502565,370.0372988279072,phase3b_fresh_component_benchmark_cuda_synchronized,phase3b_batch_size_one_cuda_synchronized,phase3b_cuda_synchronized_per_generation,True,True
fixed_hybrid,fixed,,,,,1000,reached_actionable_controller_decisions,0.3333333333333333,0.34782608695652173,0.47058823529411764,0.48717948717948717,0.9,0.5294117647058824,,0.5,1.0,2.0,0.1,0.403,0.5074312016638333,0.9499,0.9,0.9499,0.9,11.504,11.474,0.0,0.0,1519.771,3.515,1523.286,290.84596703154966,268.2662573643029,469.9528466444462,55.7853953326121,54.18036179617047,73.81060407496989,0.0,0.0,0.0,346.63136236416176,324.89937893114984,520.621309080161,328.3785198356589,305.92384395795926,501.45394130750606,phase3b_fresh_component_benchmark_cuda_synchronized,phase3b_batch_size_one_cuda_synchronized,phase3b_cuda_synchronized_per_generation,True,False
fixed_heavy,fixed,,,,,1000,reached_actionable_controller_decisions,0.0,0.0,1.0,0.13043478260869565,0.0,0.0,,0.0,0.0,3.0,0.078,0.407,0.510839232130099,0.96125,0.922,0.96125,0.922,20.646,20.606,1.0,0.0,2650.242,3.479,2653.721,409.50213543651626,387.9967858083546,598.3029850758612,178.2870012097992,178.4167201258242,218.74511593487114,0.0,0.0,0.0,587.7891366463155,568.9774199854583,781.866275658831,585.0506566653592,564.8520954616349,772.1821927550143,phase3b_fresh_component_benchmark_cuda_synchronized,phase3b_batch_size_one_cuda_synchronized,phase3b_cuda_synchronized_per_generation,True,True
always_stop_earliest,fixed,,,,,1000,reached_actionable_controller_decisions,1.0,1.0,0.0,0.4444444444444444,0.8,1.0,,1.0,1.0,1.0,0.2,0.371,0.46591004060267216,0.8959,0.8,0.8959,0.8,5.0,4.981,0.0,0.0,725.508,3.39,728.898,207.2592176538892,176.9556028302759,364.49845279566904,26.529376332182437,25.81020467914641,32.592734321951866,0.0,0.0,0.0,233.78859398607165,203.39093310758471,390.1806049980219,212.6908645706815,182.36970991502565,370.0372988279072,phase3b_fresh_component_benchmark_cuda_synchronized,phase3b_batch_size_one_cuda_synchronized,phase3b_cuda_synchronized_per_generation,False,False
always_continue_final,fixed,,,,,1000,reached_actionable_controller_decisions,0.0,0.0,1.0,0.13043478260869565,0.0,0.0,,0.0,0.0,3.0,0.078,0.407,0.510839232130099,0.96125,0.922,0.96125,0.922,20.646,20.606,1.0,0.0,2650.242,3.479,2653.721,409.50213543651626,387.9967858083546,598.3029850758612,178.2870012097992,178.4167201258242,218.74511593487114,0.0,0.0,0.0,587.7891366463155,568.9774199854583,781.866275658831,585.0506566653592,564.8520954616349,772.1821927550143,phase3b_fresh_component_benchmark_cuda_synchronized,phase3b_batch_size_one_cuda_synchronized,phase3b_cuda_synchronized_per_generation,False,False
oracle_stop_analysis_only,oracle,,,,,1000,reached_actionable_controller_decisions,0.0,0.0,0.0,1.0,1.0,1.0,,0.75,0.9,1.3,0.078,0.413,0.5150104069030386,0.96125,0.922,0.96125,0.922,7.296,7.274,0.1,0.0,1009.357,3.512,1012.869,240.7193531212397,209.7280416637659,434.40576319117093,44.49323821440339,25.906266877427697,178.13167686108497,0.0,0.0,0.0,285.2125913356431,238.61744115129113,570.9112658631055,266.0198751287924,217.70361551689965,566.1776055470061,phase3b_fresh_component_benchmark_cuda_synchronized,phase3b_batch_size_one_cuda_synchronized,phase3b_cuda_synchronized_per_generation,False,False
uncalibrated_adaptive_phase3a_threshold,adaptive,raw,phase3a_dev,,0.38000000000000006,1000,reached_actionable_controller_decisions,0.33212996389891697,0.33047210300429186,0.044642857142857144,0.8327341393644512,0.9029535864978903,0.9553571428571429,0.9329994520371324,0.8081841432225064,0.948,1.225,0.126,0.4,0.4983945338871655,0.9365666666666668,0.874,0.9365666666666668,0.874,6.689,6.668,0.052,1.173,935.775,3.474,939.249,231.77594741992652,205.28953685425222,423.9750155713408,37.773932753130794,25.88164946064353,126.2589273741462,15.413442934397608,13.132137013599277,26.293369219638407,284.9633231074549,247.3339659627527,565.0329593103378,249.5658208075645,211.9968121093796,532.8743120809183,phase3b_fresh_component_benchmark_cuda_synchronized,phase3b_batch_size_one_cuda_synchronized,phase3b_cuda_synchronized_per_generation,True,True
temperature_calibrated_threshold_0.5,adaptive,temperature,fixed_default,,0.5,1000,reached_actionable_controller_decisions,0.2846975088967972,0.2838983050847458,0.06571741511500548,0.8329288818348638,0.9142550911039657,0.9342825848849945,0.931261766574548,0.7814070351758794,0.933,1.261,0.121,0.398,0.4965056449982766,0.9394,0.879,0.9394,0.879,6.961,6.939,0.067,1.194,970.493,3.485,973.978,235.70398323237896,207.9089095350355,434.40576319117093,40.13021279172972,25.907885981723666,155.9999540448187,15.689135674387217,13.133239466696978,26.298740948550403,291.5233316984959,250.5413049366325,578.0337910167873,256.1852898958412,214.91836555442822,544.0441117139077,phase3b_fresh_component_benchmark_cuda_synchronized,phase3b_batch_size_one_cuda_synchronized,phase3b_cuda_synchronized_per_generation,True,False
raw_point_risk_20,adaptive,raw,point,0.2,0.56,1000,reached_actionable_controller_decisions,0.2508833922261484,0.25210084033613445,0.0790899241603467,0.8341938834743821,0.9229098805646037,0.9209100758396533,0.9271311478547829,0.763681592039801,0.921,1.285,0.117,0.399,0.4989147359073675,0.9416666666666667,0.883,0.9416666666666667,0.883,7.146,7.124,0.079,1.206,994.646,3.492,998.138,238.49576183082536,209.32893943972886,442.85571959335357,42.06367771374062,25.916714686900377,169.22861407510936,15.846212337259203,13.134183827787638,26.29888318479061,296.4056518818252,251.58705306239426,592.1608207980169,261.0366221888715,217.1557329981686,563.5773973216662,phase3b_fresh_component_benchmark_cuda_synchronized,phase3b_batch_size_one_cuda_synchronized,phase3b_cuda_synchronized_per_generation,True,True
raw_conservative_risk_20,adaptive,raw,conservative,0.2,0.79,1000,reached_actionable_controller_decisions,0.15463917525773196,0.15918367346938775,0.15902140672782875,0.8006833792895381,0.9482758620689655,0.8409785932721713,0.9205068115500349,0.6839622641509434,0.87,1.402,0.107,0.397,0.49768140257403415,0.9466666666666667,0.893,0.9466666666666667,0.893,8.043,8.021,0.13,1.272,1102.983,3.488,1106.471,249.38415460148826,221.48412861861289,458.34506356623024,50.15008684294298,26.02264890447259,185.56843800470233,16.715097175445408,13.144958997145295,26.323937973938882,316.24933861987665,263.45744961872697,634.2636798741296,281.04833500022033,228.30196327204865,595.1627128623901,phase3b_fresh_component_benchmark_cuda_synchronized,phase3b_batch_size_one_cuda_synchronized,phase3b_cuda_synchronized_per_generation,True,False
raw_point_risk_10,adaptive,raw,point,0.1,0.85,1000,reached_actionable_controller_decisions,0.136986301369863,0.14227642276422764,0.2017716535433071,0.7708353147885808,0.9529964747356052,0.7982283464566929,0.9199284057814691,0.650611620795107,0.851,1.457,0.102,0.4,0.5023395222321538,0.9493333333333334,0.898,0.9493333333333334,0.898,8.44,8.417,0.149,1.308,1152.496,3.486,1155.982,254.38853506883606,222.902626497671,469.9087183922529,53.502483795862645,26.160850189626217,188.3963380707428,17.18712529540062,13.150514801964164,26.33004072122276,325.0781441600993,270.173208322376,643.4224126394837,289.8181814600783,234.96885082359475,608.253181503193,phase3b_fresh_component_benchmark_cuda_synchronized,phase3b_batch_size_one_cuda_synchronized,phase3b_cuda_synchronized_per_generation,True,True
raw_conservative_risk_10,adaptive,raw,conservative,0.1,0.94,1000,reached_actionable_controller_decisions,0.08445945945945946,0.08433734939759036,0.2862453531598513,0.720629213483146,0.9684741488020177,0.7137546468401487,0.9185484276097661,0.5779883381924198,0.793,1.579,0.094,0.409,0.5104395222321538,0.95325,0.906,0.95325,0.906,9.375,9.352,0.207,1.372,1268.143,3.506,1271.649,267.0643852627836,234.5455854665488,485.83283943589765,62.48664970183745,26.408460456877947,193.5087729478255,18.025717854034156,13.167099328711629,26.34005274157971,347.5767528186552,284.5402308739722,682.0643099024891,312.44942331203015,246.82563121105593,639.0155917572945,phase3b_fresh_component_benchmark_cuda_synchronized,phase3b_batch_size_one_cuda_synchronized,phase3b_cuda_synchronized_per_generation,True,True
raw_point_risk_05,adaptive,raw,point,0.05,0.94,1000,reached_actionable_controller_decisions,0.08445945945945946,0.08433734939759036,0.2862453531598513,0.720629213483146,0.9684741488020177,0.7137546468401487,0.9185484276097661,0.5779883381924198,0.793,1.579,0.094,0.409,0.5104395222321538,0.95325,0.906,0.95325,0.906,9.375,9.352,0.207,1.372,1268.143,3.506,1271.649,267.0643852627836,234.5455854665488,485.83283943589765,62.48664970183745,26.408460456877947,193.5087729478255,18.025717854034156,13.167099328711629,26.34005274157971,347.5767528186552,284.5402308739722,682.0643099024891,312.44942331203015,246.82563121105593,639.0155917572945,phase3b_fresh_component_benchmark_cuda_synchronized,phase3b_batch_size_one_cuda_synchronized,phase3b_cuda_synchronized_per_generation,True,True
raw_conservative_risk_05,adaptive,raw,conservative,0.05,1.0,1000,reached_actionable_controller_decisions,0.0,0.0,1.0,0.13043478260869565,0.0,0.0,0.9374529411764705,0.0,0.0,3.0,0.078,0.407,0.510839232130099,0.96125,0.922,0.96125,0.922,20.646,20.606,1.0,2.0,2650.242,3.479,2653.721,409.50213543651626,387.9967858083546,598.3029850758612,178.2870012097992,178.4167201258242,218.74511593487114,26.270991719327867,26.245303452014923,26.488927681930363,614.0601283656433,595.2022441197187,808.1107130972667,585.0506566653592,564.8520954616349,772.1821927550143,phase3b_fresh_component_benchmark_cuda_synchronized,phase3b_batch_size_one_cuda_synchronized,phase3b_cuda_synchronized_per_generation,True,True
temperature_point_risk_20,adaptive,temperature,point,0.2,0.56,1000,reached_actionable_controller_decisions,0.2508833922261484,0.25210084033613445,0.08315334773218143,0.8305426967398799,0.9228260869565217,0.9168466522678186,0.9271420830503172,0.76095947063689,0.92,1.289,0.117,0.399,0.4994147359073675,0.9416666666666667,0.883,0.9416666666666667,0.883,7.174,7.152,0.08,1.209,997.9,3.493,1001.393,238.84218602301553,209.44855944253504,442.85571959335357,42.277797863818705,25.9221273008734,169.22861407510936,15.885728790424764,13.134452048689127,26.299209683202207,297.005712677259,251.77352968603373,592.1608207980169,261.6281180609829,217.32959043375266,563.5773973216662,phase3b_fresh_component_benchmark_cuda_synchronized,phase3b_batch_size_one_cuda_synchronized,phase3b_cuda_synchronized_per_generation,True,True
temperature_conservative_risk_20,adaptive,temperature,conservative,0.2,0.77,1000,reached_actionable_controller_decisions,0.15807560137457044,0.16326530612244897,0.1554192229038855,0.8025911376492771,0.9472477064220184,0.8445807770961146,0.9203051321513152,0.6871552403467297,0.872,1.397,0.108,0.396,0.49668140257403415,0.9461666666666666,0.892,0.9461666666666666,0.892,8.005,7.983,0.128,1.269,1098.308,3.485,1101.793,248.82090882165357,220.40888643823564,458.34506356623024,49.84273961838335,26.017309399321675,185.3121011517942,16.675653188489377,13.144765514880419,26.321318629197776,315.3393016285263,262.86480855196714,634.2636798741296,280.1206675102101,228.21234291560066,595.1627128623901,phase3b_fresh_component_benchmark_cuda_synchronized,phase3b_batch_size_one_cuda_synchronized,phase3b_cuda_synchronized_per_generation,True,False
temperature_point_risk_10,adaptive,temperature,point,0.1,0.84,1000,reached_actionable_controller_decisions,0.13356164383561644,0.13821138211382114,0.20959843290891284,0.7655775754329583,0.9539007092198581,0.7904015670910872,0.9198744180430145,0.6443259710586443,0.846,1.467,0.102,0.401,0.5033395222321538,0.9493333333333334,0.898,0.9493333333333334,0.898,8.513,8.49,0.154,1.313,1161.845,3.488,1165.333,255.40165974758565,223.10932585969567,469.95642813853914,54.2782905860804,26.198068168014288,188.50668743252754,17.25270219380036,13.151179067790508,26.33284500334412,326.9326525274664,272.38382305949926,646.601364784874,291.6726129909464,236.08944131202114,612.3710724638902,phase3b_fresh_component_benchmark_cuda_synchronized,phase3b_batch_size_one_cuda_synchronized,phase3b_cuda_synchronized_per_generation,True,True
temperature_conservative_risk_10,adaptive,temperature,conservative,0.1,0.93,1000,reached_actionable_controller_decisions,0.08445945945945946,0.08433734939759036,0.28690807799442897,0.7200559177593827,0.9684741488020177,0.713091922005571,0.9186146452859546,0.5775673707210488,0.793,1.58,0.094,0.409,0.5104395222321538,0.95325,0.906,0.95325,0.906,9.38,9.357,0.207,1.373,1268.628,3.506,1272.134,267.1154581201263,234.97430188581347,485.83283943589765,62.51466444833204,26.409708196297288,193.5087729478255,18.038752601947635,13.167398748919368,26.34005274157971,347.66887517040595,284.7034614533186,682.0643099024891,312.52861981937417,246.967352313465,639.0155917572945,phase3b_fresh_component_benchmark_cuda_synchronized,phase3b_batch_size_one_cuda_synchronized,phase3b_cuda_synchronized_per_generation,True,False
temperature_point_risk_05,adaptive,temperature,point,0.05,0.93,1000,reached_actionable_controller_decisions,0.08445945945945946,0.08433734939759036,0.28690807799442897,0.7200559177593827,0.9684741488020177,0.713091922005571,0.9186146452859546,0.5775673707210488,0.793,1.58,0.094,0.409,0.5104395222321538,0.95325,0.906,0.95325,0.906,9.38,9.357,0.207,1.373,1268.628,3.506,1272.134,267.1154581201263,234.97430188581347,485.83283943589765,62.51466444833204,26.409708196297288,193.5087729478255,18.038752601947635,13.167398748919368,26.34005274157971,347.66887517040595,284.7034614533186,682.0643099024891,312.52861981937417,246.967352313465,639.0155917572945,phase3b_fresh_component_benchmark_cuda_synchronized,phase3b_batch_size_one_cuda_synchronized,phase3b_cuda_synchronized_per_generation,True,False
temperature_conservative_risk_05,adaptive,temperature,conservative,0.05,1.0,1000,reached_actionable_controller_decisions,0.0,0.0,1.0,0.13043478260869565,0.0,0.0,0.9374529411764705,0.0,0.0,3.0,0.078,0.407,0.510839232130099,0.96125,0.922,0.96125,0.922,20.646,20.606,1.0,2.0,2650.242,3.479,2653.721,409.50213543651626,387.9967858083546,598.3029850758612,178.2870012097992,178.4167201258242,218.74511593487114,26.270991719327867,26.245303452014923,26.488927681930363,614.0601283656433,595.2022441197187,808.1107130972667,585.0506566653592,564.8520954616349,772.1821927550143,phase3b_fresh_component_benchmark_cuda_synchronized,phase3b_batch_size_one_cuda_synchronized,phase3b_cuda_synchronized_per_generation,True,True
