group,seed,baseline,representation,coverage_lambda,sampling,threshold_selected_on_dev,macro_f1,stop_f1,auroc,false_stop_rate,hard_partial_false_stop_rate,unnecessary_escalation_rate,coverage_mae,coverage_spearman,run_dir,predictions
query_stage,42,query_stage,not_applicable,0.0,natural,0.05,0.6012119866632133,0.9290157336260519,0.8148011938057704,0.8068783068783069,0.804953560371517,0.031655225019069415,,,experiments/phase3a/core/query_stage/seed42,experiments/phase3a/core/query_stage/seed42/evaluation/test/original_predictions.jsonl
query_evidence_concat,42,query_evidence,concat_truncate,0.0,natural,0.2,0.7648037920865522,0.9489624228827819,0.9185206373421476,0.5,0.5139318885448917,0.032036613272311214,,,experiments/phase3a/core/query_evidence_concat/seed42,experiments/phase3a/core/query_evidence_concat/seed42/evaluation/test/original_predictions.jsonl
score_aware_baseline,42,query_evidence,score_aware_packing,0.0,natural,0.33,0.7871774408087258,0.9553072625698324,0.9169572481929462,0.48412698412698413,0.47678018575851394,0.021739130434782608,,,experiments/phase3a/core/score_aware_baseline/seed42,experiments/phase3a/core/score_aware_baseline/seed42/evaluation/test/original_predictions.jsonl
query_stage,123,query_stage,not_applicable,0.0,natural,0.5600000000000002,0.5370712038161435,0.9339554917444365,0.8174159230604692,0.9206349206349206,0.9226006191950464,0.007627765064836003,,,experiments/phase3a/core/query_stage/seed123,experiments/phase3a/core/query_stage/seed123/evaluation/test/original_predictions.jsonl
query_evidence_concat,123,query_evidence,concat_truncate,0.0,natural,0.16000000000000003,0.7590980631484276,0.9476439790575916,0.9088401357661464,0.5079365079365079,0.5232198142414861,0.033562166285278416,,,experiments/phase3a/core/query_evidence_concat/seed123,experiments/phase3a/core/query_evidence_concat/seed123/evaluation/test/original_predictions.jsonl
score_aware_baseline,123,query_evidence,score_aware_packing,0.0,natural,0.38000000000000006,0.7918451490484537,0.9553854769460519,0.9257473393629001,0.4656084656084656,0.47987616099071206,0.02402745995423341,,,experiments/phase3a/core/score_aware_baseline/seed123,experiments/phase3a/core/score_aware_baseline/seed123/evaluation/test/original_predictions.jsonl
query_stage,2026,query_stage,not_applicable,0.0,natural,0.4000000000000001,0.5936745299292737,0.9263196480938416,0.8300234281355563,0.8121693121693122,0.8111455108359134,0.036231884057971016,,,experiments/phase3a/core/query_stage/seed2026,experiments/phase3a/core/query_stage/seed2026/evaluation/test/original_predictions.jsonl
query_evidence_concat,2026,query_evidence,concat_truncate,0.0,natural,0.29000000000000004,0.7330682803739323,0.9481262691526675,0.8969479859067959,0.6005291005291006,0.6160990712074303,0.020594965675057208,,,experiments/phase3a/core/query_evidence_concat/seed2026,experiments/phase3a/core/query_evidence_concat/seed2026/evaluation/test/original_predictions.jsonl
score_aware_baseline,2026,query_evidence,score_aware_packing,0.0,natural,0.29000000000000004,0.812206572769953,0.9577464788732394,0.9311876712715766,0.40476190476190477,0.4148606811145511,0.02745995423340961,,,experiments/phase3a/core/score_aware_baseline/seed2026,experiments/phase3a/core/score_aware_baseline/seed2026/evaluation/test/original_predictions.jsonl
score_aware_coverage_aux_lambda_0.1,42,query_evidence,score_aware_packing,0.1,natural,0.38000000000000006,0.8080487065837039,0.9574507966260544,0.9323555466766755,0.42063492063492064,0.4241486068111455,0.02593440122044241,0.07548113578557968,0.4888244279702692,experiments/phase3a/lambda_dev/lambda_0.1_seed42,experiments/phase3a/lambda_dev/lambda_0.1_seed42/evaluation/test/original_predictions.jsonl
score_aware_coverage_aux_lambda_0.1,123,query_evidence,score_aware_packing,0.1,natural,0.33,0.7895203150585168,0.9548170276325616,0.9221266733661851,0.46825396825396826,0.47058823529411764,0.02479023646071701,0.06986167218287787,0.48374034890792394,experiments/phase3a/ablation/coverage_aux/seed123,experiments/phase3a/ablation/coverage_aux/seed123/evaluation/test/original_predictions.jsonl
score_aware_coverage_aux_lambda_0.1,2026,query_evidence,score_aware_packing,0.1,natural,0.24000000000000005,0.7918451490484537,0.9553854769460519,0.8895941544682965,0.4656084656084656,0.47678018575851394,0.02402745995423341,0.05691419526934624,0.45487707696616736,experiments/phase3a/ablation/coverage_aux/seed2026,experiments/phase3a/ablation/coverage_aux/seed2026/evaluation/test/original_predictions.jsonl
score_aware_balanced_stop_continue,42,query_evidence,score_aware_packing,0.0,balanced_stop_continue,0.12000000000000001,0.7675650085897237,0.952893175074184,0.9080632337688022,0.5317460317460317,0.541795665634675,0.02021357742181541,,,experiments/phase3a/sampling/balanced_stop_continue/seed42,experiments/phase3a/sampling/balanced_stop_continue/seed42/evaluation/test/original_predictions.jsonl
score_aware_balanced_stop_continue,123,query_evidence,score_aware_packing,0.0,balanced_stop_continue,0.11000000000000001,0.7923509646241552,0.9547325102880658,0.9019277259170472,0.455026455026455,0.4582043343653251,0.02669717772692601,,,experiments/phase3a/sampling/balanced_stop_continue/seed123,experiments/phase3a/sampling/balanced_stop_continue/seed123/evaluation/test/original_predictions.jsonl
score_aware_balanced_stop_continue,2026,query_evidence,score_aware_packing,0.0,balanced_stop_continue,0.07,0.7900828697543394,0.9545879274901887,0.8574970033780102,0.46296296296296297,0.4674922600619195,0.02593440122044241,,,experiments/phase3a/sampling/balanced_stop_continue/seed2026,experiments/phase3a/sampling/balanced_stop_continue/seed2026/evaluation/test/original_predictions.jsonl
score_aware_hard_partial_aware,42,query_evidence,score_aware_packing,0.0,hard_partial_aware,0.32000000000000006,0.801078167115903,0.9535849056603773,0.9141341679480505,0.3994708994708995,0.4179566563467492,0.036231884057971016,,,experiments/phase3a/ablation/hard_partial_sampling/seed42,experiments/phase3a/ablation/hard_partial_sampling/seed42/evaluation/test/original_predictions.jsonl
score_aware_hard_partial_aware,123,query_evidence,score_aware_packing,0.0,hard_partial_aware,0.05,0.7800833555023499,0.9538175046554935,0.8990567198995879,0.4947089947089947,0.5015479876160991,0.02326468344774981,,,experiments/phase3a/ablation/hard_partial_sampling/seed123,experiments/phase3a/ablation/hard_partial_sampling/seed123/evaluation/test/original_predictions.jsonl
score_aware_hard_partial_aware,2026,query_evidence,score_aware_packing,0.0,hard_partial_aware,0.09000000000000001,0.7931406643482433,0.9572490706319703,0.9041282756004343,0.48412698412698413,0.4984520123839009,0.01792524790236461,,,experiments/phase3a/ablation/hard_partial_sampling/seed2026,experiments/phase3a/ablation/hard_partial_sampling/seed2026/evaluation/test/original_predictions.jsonl
score_aware_coverage_aux_lambda_0.1_hard_partial_aware,42,query_evidence,score_aware_packing,0.1,hard_partial_aware,0.1,0.7409804320752247,0.9500092233905184,0.904457702226581,0.5925925925925926,0.5944272445820433,0.01792524790236461,0.07096452807386716,0.4182874824734865,experiments/phase3a/ablation/coverage_aux_hard_partial/seed42,experiments/phase3a/ablation/coverage_aux_hard_partial/seed42/evaluation/test/original_predictions.jsonl
score_aware_coverage_aux_lambda_0.1_hard_partial_aware,123,query_evidence,score_aware_packing,0.1,hard_partial_aware,0.32000000000000006,0.8051256857446982,0.9551789077212806,0.9018929166717115,0.4021164021164021,0.4086687306501548,0.03279938977879481,0.0644497978836298,0.4436682785672344,experiments/phase3a/ablation/coverage_aux_hard_partial/seed123,experiments/phase3a/ablation/coverage_aux_hard_partial/seed123/evaluation/test/original_predictions.jsonl
score_aware_coverage_aux_lambda_0.1_hard_partial_aware,2026,query_evidence,score_aware_packing,0.1,hard_partial_aware,0.18000000000000005,0.8155451225873761,0.9584976525821596,0.9056770347769583,0.3994708994708995,0.4055727554179567,0.02669717772692601,0.06370655685663223,0.43308658150465273,experiments/phase3a/ablation/coverage_aux_hard_partial/seed2026,experiments/phase3a/ablation/coverage_aux_hard_partial/seed2026/evaluation/test/original_predictions.jsonl
